Workbook

Sheet 正解一覧
A1: 令和8年度 確認テスト 正解一覧（採点用）
A2: 問1〜5は○×、問6〜10はア・イ・ウ。1問1点・10点満点。7点以上が目安です。★は法定研修。
A4: 月 | B4: 研修テーマ | C4: 問1 | D4: 問2 | E4: 問3 | F4: 問4 | G4: 問5 | H4: 問6 | I4: 問7 | J4: 問8 | K4: 問9 | L4: 問10
A5: 4月 | B5: 運営規程・倫理・法令遵守、個人情報保護 | C5: ○ | D5: × | E5: ○ | F5: × | G5: × | H5: イ | I5: ウ | J5: イ | K5: イ | L5: ウ
A6: 5月 | B6: ★高齢者虐待防止・身体的拘束等の適正化（第1回） | C6: ○ | D6: ○ | E6: × | F6: ○ | G6: × | H6: イ | I6: ウ | J6: ウ | K6: ア | L6: ア
A7: 6月 | B7: ★感染症の予防及びまん延防止 | C7: ○ | D7: × | E7: ○ | F7: ○ | G7: × | H7: イ | I7: イ | J7: イ | K7: ウ | L7: イ
A8: 7月 | B8: ★業務継続計画（自然災害）＋訓練 | C8: ○ | D8: ○ | E8: × | F8: ○ | G8: × | H8: イ | I8: イ | J8: ウ | K8: ウ | L8: イ
A9: 8月 | B9: 事故防止・緊急時対応 | C9: ○ | D9: × | E9: ○ | F9: ○ | G9: × | H9: イ | I9: ア | J9: ウ | K9: ア | L9: ウ
A10: 9月 | B10: ハラスメント対策 | C10: ○ | D10: ○ | E10: ○ | F10: × | G10: × | H10: イ | I10: イ | J10: ウ | K10: ウ | L10: イ
A11: 10月 | B11: 認知症ケア・接遇 | C11: ○ | D11: ○ | E11: × | F11: ○ | G11: × | H11: イ | I11: イ | J11: イ | K11: イ | L11: ウ
A12: 11月 | B12: ★業務継続計画（感染症）＋感染症訓練 | C12: ○ | D12: ○ | E12: ○ | F12: × | G12: × | H12: ウ | I12: ウ | J12: イ | K12: イ | L12: ア
A13: 12月 | B13: ★高齢者虐待防止（第2回）・事例検討 | C13: ○ | D13: ○ | E13: ○ | F13: × | G13: × | H13: ウ | I13: イ | J13: ウ | K13: イ | L13: イ
A14: 1月 | B14: 介護技術・医行為の範囲 | C14: ○ | D14: × | E14: × | F14: ○ | G14: ○ | H14: イ | I14: ア | J14: イ | K14: イ | L14: イ
A15: 2月 | B15: 看取り・プライバシー保護 | C15: ○ | D15: × | E15: ○ | F15: ○ | G15: × | H15: ア | I15: ア | J15: ア | K15: イ | L15: ア
A16: 3月 | B16: 年間振り返り・次年度計画 | C16: ○ | D16: ○ | E16: × | F16: ○ | G16: × | H16: ウ | I16: イ | J16: ア | K16: イ | L16: ア

Sheet 解答・解説
A1: 確認テスト 解答・解説（管理者・講師用）
A3: 月 | B3: 問 | C3: 形式 | D3: 問題 | E3: 選択肢 | F3: 正解 | G3: 解説
A4: 4月 運営規程・倫理・法令遵守、個人情報保護
A5: 4月 | B5: 1 | C5: ○× | D5: 運営規程には、虐待防止のための措置に関する事項も定められている。 | F5: ○ | G5: 運営規程には事業の目的、利用料、緊急時の対応、虐待防止の措置などが定められています。
A6: 4月 | B6: 2 | C6: ○× | D6: 利用者の名前を伏せれば、利用者宅での出来事をSNSに書いてもよい。 | F6: × | G6: 名前を伏せても本人が特定されるおそれがあります。業務上知り得たことはSNSに書きません。
A7: 4月 | B7: 3 | C7: ○× | D7: 訪問介護員は、訪問介護計画とサービス提供手順書に沿って支援する。 | F7: ○ | G7: 計画と手順書がサービス提供の根拠です。
A8: 4月 | B8: 4 | C8: ○× | D8: 利用者宅の写真を、私物のスマートフォンで撮影してよい。 | F8: × | G8: 私物の端末での撮影は個人情報漏えいの原因になります。
A9: 4月 | B9: 5 | C9: ○× | D9: サービス提供記録は「特変なし」とだけ書けば十分である。 | F9: × | G9: 食事量、表情、会話など観察したことを具体的に書きます。
A10: 4月 | B10: 6 | C10: 三択 | D10: 重要事項説明書について正しいものはどれか。 | E10: ア 契約した後で渡せばよい イ 契約の前に説明し、同意を得る ウ 職員だけが見る内部の書類である | F10: イ | G10: 重要事項説明書は契約前に利用者に説明し、同意を得る書類です。
A11: 4月 | B11: 7 | C11: 三択 | D11: 訪問介護計画にない大掃除を頼まれたときの対応はどれか。 | E11: ア その場で引き受ける イ 何も言わずに帰る ウ サービス提供責任者に相談する | F11: ウ | G11: 計画にない支援は自己判断で行わず、サービス提供責任者に相談します。
A12: 4月 | B12: 8 | C12: 三択 | D12: 守秘義務について正しいものはどれか。 | E12: ア 在職中だけ守ればよい イ 退職した後も守る ウ 管理者だけに課される | F12: イ | G12: 守秘義務は退職後も続きます。
A13: 4月 | B13: 9 | C13: 三択 | D13: 記録を書き間違えたときの正しい訂正方法はどれか。 | E13: ア 修正液で消して書き直す イ 二重線を引き、訂正者名を書く ウ 黒く塗りつぶす | F13: イ | G13: 訂正は二重線と訂正者名で行い、元の記載が読めるようにします。
A14: 4月 | B14: 10 | C14: 三択 | D14: 介護職の倫理として不適切な行為はどれか。 | E14: ア 利用者を「〇〇さん」と呼ぶ イ 体調不良のときに報告して訪問を控える ウ 利用者に頼まれて私的な連絡先を交換する | F14: ウ | G14: 私的な連絡先の交換や個人的な頼まれごとはしません。
A16: 5月 ★高齢者虐待防止・身体的拘束等の適正化（第1回）
A17: 5月 | B17: 1 | C17: ○× | D17: 高齢者虐待防止法の対象は、65歳以上の高齢者である。 | F17: ○ | G17: 法律上の「高齢者」は65歳以上の人です。
A18: 5月 | B18: 2 | C18: ○× | D18: 時間がないからと必要な排泄介助を省くことは、介護・世話の放棄・放任にあたりうる。 | F18: ○ | G18: 必要な介護をしないことは「介護・世話の放棄・放任」にあたります。
A19: 5月 | B19: 3 | C19: ○× | D19: 虐待の通報は、必ず事業所を通して行わなければならない。 | F19: × | G19: 事業所への報告が基本ですが、職員が直接市町村へ通報することも認められています。
A20: 5月 | B20: 4 | C20: ○× | D20: 身体的拘束等を行った場合は、態様・時間・心身の状況・理由を記録する。 | F20: ○ | G20: 令和6年度改定で、訪問介護でも記録が義務づけられました。
A21: 5月 | B21: 5 | C21: ○× | D21: 不適切ケアは、虐待とは関係がない。 | F21: × | G21: 虐待は「これくらいなら」という不適切ケアの積み重ねから起こります。
A22: 5月 | B22: 6 | C22: 三択 | D22: 経済的虐待にあたるものはどれか。 | E22: ア 利用者を怒鳴る イ 買い物のおつりを返さない ウ おむつを長時間替えない | F22: イ | G22: 財産を不当に使うことは経済的虐待です。アは心理的虐待、ウは介護・世話の放棄・放任です。
A23: 5月 | B23: 7 | C23: 三択 | D23: 身体拘束の例外となる3要件に含まれないものはどれか。 | E23: ア 切迫性 イ 非代替性 ウ 家族の希望 | F23: ウ | G23: 3要件は「切迫性」「非代替性」「一時性」です。家族の希望は要件ではありません。
A24: 5月 | B24: 8 | C24: 三択 | D24: 家族がベッド柵で四方を囲んでいることに気づいたときの対応はどれか。 | E24: ア 黙って柵を外す イ 見なかったことにする ウ サービス提供責任者に報告し、ケアマネジャーと連携する | F24: ウ | G24: 自己判断で外したり見過ごしたりせず、報告して連携します。
A25: 5月 | B25: 9 | C25: 三択 | D25: 家族による虐待で、生命・身体に重大な危険が生じている場合はどうするか。 | E25: ア 市町村への通報義務がある イ 通報してはいけない ウ しばらく様子を見る | F25: ア | G25: 重大な危険が生じている場合は通報義務があります。
A26: 5月 | B26: 10 | C26: 三択 | D26: 心理的虐待にあたるものはどれか。 | E26: ア 話しかけを無視する イ 腕を強く引っ張る ウ 預金を勝手に使う | F26: ア | G26: 無視や暴言は心理的虐待です。イは身体的虐待、ウは経済的虐待です。
A28: 6月 ★感染症の予防及びまん延防止
A29: 6月 | B29: 1 | C29: ○× | D29: 訪問介護員は、感染症を利用者宅から別の利用者宅へ運ぶおそれがある。 | F29: ○ | G29: 1日に複数の利用者宅を回るため、感染の媒介になるおそれがあります。
A30: 6月 | B30: 2 | C30: ○× | D30: 石けんでの手洗いは10秒程度で十分である。 | F30: × | G30: 30秒以上かけて、指の間、指先・爪、親指、手首まで洗います。
A31: 6月 | B31: 3 | C31: ○× | D31: 手袋は1ケアごとに交換する。 | F31: ○ | G31: 同じ手袋で別のケアをすると感染を広げます。
A32: 6月 | B32: 4 | C32: ○× | D32: 嘔吐物を処理するときは、窓を開けて換気する。 | F32: ○ | G32: ノロウイルスなどは空気中に舞うことがあるため換気します。
A33: 6月 | B33: 5 | C33: ○× | D33: 結核の主な感染経路は接触感染である。 | F33: × | G33: 結核は空気感染します。長引く咳は受診につなげます。
A34: 6月 | B34: 6 | C34: 三択 | D34: 標準予防策を行う対象はどれか。 | E34: ア 感染症と診断された利用者だけ イ すべての利用者 ウ 発熱のある利用者だけ | F34: イ | G34: 診断の有無にかかわらず、すべての利用者に行います。
A35: 6月 | B35: 7 | C35: 三択 | D35: ノロウイルスの消毒に有効なものはどれか。 | E35: ア アルコール イ 次亜塩素酸ナトリウム ウ 水拭き | F35: イ | G35: ノロウイルスにはアルコールが効きにくく、次亜塩素酸ナトリウムを使います。
A36: 6月 | B36: 8 | C36: 三択 | D36: 嘔吐物を処理した床を覆う次亜塩素酸ナトリウム液の濃度はどれか。 | E36: ア 0.01% イ 0.1% ウ 1% | F36: イ | G36: 0.1%の液を浸したペーパーで覆い、約10分置いて拭きます。
A37: 6月 | B37: 9 | C37: 三択 | D37: 手洗いの後に手を拭くものとして適切なものはどれか。 | E37: ア 利用者宅のタオル イ 自分のハンカチ ウ 使い捨てペーパータオル | F37: ウ | G37: タオルの共用は感染の原因になるため、使い捨てペーパータオルを使います。
A38: 6月 | B38: 10 | C38: 三択 | D38: 出勤前に発熱していたときの対応はどれか。 | E38: ア 訪問が終わってから報告する イ 訪問せず管理者に連絡する ウ 解熱剤を飲んで訪問する | F38: イ | G38: 発熱・下痢・嘔吐があるときは訪問せず、管理者に連絡します。
A40: 7月 ★業務継続計画（自然災害）＋訓練
A41: 7月 | B41: 1 | C41: ○× | D41: BCPは、災害時にもサービスを止めない、または早く再開するための計画である。 | F41: ○ | G41: BCPは業務継続計画のことです。
A42: 7月 | B42: 2 | C42: ○× | D42: BCPが策定されていない場合、介護報酬が減算される。 | F42: ○ | G42: 業務継続計画未策定減算の対象になります。
A43: 7月 | B43: 3 | C43: ○× | D43: 災害時の利用者の安否確認は、名簿の五十音順に行う。 | F43: × | G43: 独居、医療機器使用など優先度の高い利用者から確認します。
A44: 7月 | B44: 4 | C44: ○× | D44: 夏季に停電が起きたときは、熱中症に注意する。 | F44: ○ | G44: 水分補給と涼しい場所の確保を優先します。
A45: 7月 | B45: 5 | C45: ○× | D45: 訪問中に地震が起きたら、揺れている最中でもすぐに火を消しに行く。 | F45: × | G45: まず身を守り、揺れが収まってから火を消します。
A46: 7月 | B46: 6 | C46: 三択 | D46: 発災時に最初に行うことはどれか。 | E46: ア 事業所へ報告する イ 自分と利用者の安全を確保する ウ ケアマネジャーに連絡する | F46: イ | G46: まず身を守り、安全を確保してから報告します。
A47: 7月 | B47: 7 | C47: 三択 | D47: 災害用伝言ダイヤルの番号はどれか。 | E47: ア 110 イ 171 ウ 177 | F47: イ | G47: 災害用伝言ダイヤルは171です。
A48: 7月 | B48: 8 | C48: 三択 | D48: 出勤できる職員が半分になったとき、優先するサービスはどれか。 | E48: ア 掃除 イ 買い物 ウ 排泄・食事・服薬・安否確認 | F48: ウ | G48: 生命と生活に欠かせない業務に絞って提供します。
A49: 7月 | B49: 9 | C49: 三択 | D49: 平時の備えとして適切でないものはどれか。 | E49: ア 緊急連絡網を確認する イ 利用者の優先度リストを作る ウ 備蓄は災害が起きてから買う | F49: ウ | G49: 水、食料、懐中電灯などは平時から備蓄しておきます。
A50: 7月 | B50: 10 | C50: 三択 | D50: 警報発表時に訪問を中止するかどうかは、誰が決めるか。 | E50: ア 各職員がそれぞれ判断する イ 管理者が判断基準を決めて周知する ウ 利用者が決める | F50: イ | G50: 判断基準は管理者が決定し、全員に周知します。
A52: 8月 事故防止・緊急時対応
A53: 8月 | B53: 1 | C53: ○× | D53: ヒヤリハットを報告・共有することは、事故防止につながる。 | F53: ○ | G53: 重大事故の背景には多くのヒヤリハットがあります。
A54: 8月 | B54: 2 | C54: ○× | D54: 食事介助では、一口量を多めにして早く終わらせる。 | F54: × | G54: 一口量は少なく、飲み込んだことを確認してから次を入れます。
A55: 8月 | B55: 3 | C55: ○× | D55: 移乗介助の前に、床が濡れていないかを確認する。 | F55: ○ | G55: ブレーキ、足の位置、床の濡れを確認します。
A56: 8月 | B56: 4 | C56: ○× | D56: 利用者宅の鍵の受け渡しは記録する。 | F56: ○ | G56: 鍵の紛失を防ぐため、事業所のルールに従い記録します。
A57: 8月 | B57: 5 | C57: ○× | D57: 事故報告書は、職員を処分するために作成する。 | F57: × | G57: 原因を分析し、再発防止策を共有するために作成します。
A58: 8月 | B58: 6 | C58: 三択 | D58: 呼びかけに反応がなく、呼吸がおかしいときの対応はどれか。 | E58: ア 事業所に電話して指示を待つ イ 119番通報し、AEDの使用や胸骨圧迫を行う ウ 家族の帰りを待つ | F58: イ | G58: 命に関わる状況では、まず119番通報と救命処置を行います。
A59: 8月 | B59: 7 | C59: 三択 | D59: 119番通報で最初に伝えることはどれか。 | E59: ア 「救急です」 イ 事業所の名前 ウ 自分の名前 | F59: ア | G59: 「救急です」と伝え、住所、状態、行った処置を伝えます。
A60: 8月 | B60: 8 | C60: 三択 | D60: 服薬介助で確認しなくてよいものはどれか。 | E60: ア 名前 イ 日付と時間 ウ 薬の値段 | F60: ウ | G60: 名前・日付・時間を声に出して確認します。
A61: 8月 | B61: 9 | C61: 三択 | D61: 事故が起きたとき、事業所が連絡する先として正しいものはどれか。 | E61: ア 家族、ケアマネジャー、市町村 イ 警察だけ ウ どこにも連絡しない | F61: ア | G61: 運営基準により、家族、ケアマネジャー、市町村へ連絡します。
A62: 8月 | B62: 10 | C62: 三択 | D62: 訪問しても応答がないときの対応はどれか。 | E62: ア 合鍵で中に入る イ そのまま帰る ウ 事業所に連絡し、家族やケアマネジャーに確認する | F62: ウ | G62: 勝手に入らず、事業所に連絡して指示を受けます。
A64: 9月 ハラスメント対策
A65: 9月 | B65: 1 | C65: ○× | D65: 事業所には、職場のハラスメントを防ぐ方針の明確化と相談体制の整備が求められている。 | F65: ○ | G65: 運営基準で定められています。
A66: 9月 | B66: 2 | C66: ○× | D66: 利用者宅で身の危険を感じたら、その場を離れてよい。 | F66: ○ | G66: 職員の安全を最優先にします。
A67: 9月 | B67: 3 | C67: ○× | D67: 認知症の症状による言動であっても、職員の安全確保は必要である。 | F67: ○ | G67: ケアの方法をチームで検討しつつ、安全確保も行います。
A68: 9月 | B68: 4 | C68: ○× | D68: 常勤職員が登録ヘルパーに強い口調で命令するのは、立場上問題ない。 | F68: × | G68: 立場の違いを意識し、言葉遣いに気をつけます。パワーハラスメントにあたるおそれがあります。
A69: 9月 | B69: 5 | C69: ○× | D69: ハラスメントを受けても、記録を残す必要はない。 | F69: × | G69: 日時・場所・言動の内容を記録します。
A70: 9月 | B70: 6 | C70: 三択 | D70: 利用者・家族からの精神的暴力にあたるものはどれか。 | E70: ア 物を投げつける イ 人格を否定する ウ 身体を触る | F70: イ | G70: アは身体的暴力、ウはセクシュアルハラスメントです。
A71: 9月 | B71: 7 | C71: 三択 | D71: 不当な要求にあたるものはどれか。 | E71: ア 計画どおりの調理を頼まれる イ 契約外の家事を繰り返し求められる ウ 体調について相談される | F71: イ | G71: 契約外のサービスの繰り返しの要求は不当な要求にあたりえます。
A72: 9月 | B72: 8 | C72: 三択 | D72: ハラスメントを受けたときの対応はどれか。 | E72: ア 我慢して誰にも言わない イ 同僚にだけ話す ウ サービス提供責任者や管理者に報告し、記録する | F72: ウ | G72: 一人で抱え込まず、早めに報告します。
A73: 9月 | B73: 9 | C73: 三択 | D73: 事業所の対応として適切でないものはどれか。 | E73: ア 担当を変更する イ 2人で訪問する ウ 被害を受けた職員の給与を減らす | F73: ウ | G73: 相談したことを理由に不利益な扱いをすることは禁止されています。
A74: 9月 | B74: 10 | C74: 三択 | D74: 同僚への指導として望ましいものはどれか。 | E74: ア 人格を否定する イ 行動について具体的に伝える ウ 無視する | F74: イ | G74: 人格ではなく行動について、具体的に伝えます。
A76: 10月 認知症ケア・接遇
A77: 10月 | B77: 1 | C77: ○× | D77: 記憶障害は、認知症の中核症状の一つである。 | F77: ○ | G77: 中核症状には記憶障害、見当識障害、判断力の低下などがあります。
A78: 10月 | B78: 2 | C78: ○× | D78: BPSDは「本人が困っているサイン」と考える。 | F78: ○ | G78: BPSDには不安や体調などの理由があります。
A79: 10月 | B79: 3 | C79: ○× | D79: 同じ質問を繰り返されたら「さっきも言いましたよ」と伝える。 | F79: × | G79: 初めて聞かれたように答え、メモやカレンダーを活用します。
A80: 10月 | B80: 4 | C80: ○× | D80: 便秘や脱水などの体の不調が、BPSDの原因になることがある。 | F80: ○ | G80: 体の不調がないか観察し、報告します。
A81: 10月 | B81: 5 | C81: ○× | D81: 家族がいるときは、利用者ではなく家族に向かって話す。 | F81: × | G81: 家族の前でも利用者本人に向かって話します。
A82: 10月 | B82: 6 | C82: 三択 | D82: 見当識障害の説明として正しいものはどれか。 | E82: ア 段取りができない イ 日時・場所・人が分からない ウ 物をよくなくす | F82: イ | G82: アは実行機能障害です。
A83: 10月 | B83: 7 | C83: 三択 | D83: BPSDにあたるものはどれか。 | E83: ア 記憶障害 イ もの盗られ妄想 ウ 見当識障害 | F83: イ | G83: 記憶障害と見当識障害は中核症状です。
A84: 10月 | B84: 8 | C84: 三択 | D84: 認知症の人への話しかけ方として適切なものはどれか。 | E84: ア 後ろから声をかける イ 正面から目線を合わせ、名乗ってから話す ウ 大きな声で一度にたくさん伝える | F84: イ | G84: 本人のペースに合わせ、短い言葉で伝えます。
A85: 10月 | B85: 9 | C85: 三択 | D85: 入浴を拒否されたときの対応として適切なものはどれか。 | E85: ア 無理に脱衣させる イ 時間や声かけを変え、理由を探る ウ 中止して記録しない | F85: イ | G85: 寒さや羞恥心など、拒否の理由を探ります。
A86: 10月 | B86: 10 | C86: 三択 | D86: 訪問時の身だしなみとして望ましくないものはどれか。 | E86: ア 爪を短く切る イ 清潔な服装をする ウ 香水をつける | F86: ウ | G86: 香水は控えます。
A88: 11月 ★業務継続計画（感染症）＋感染症訓練
A89: 11月 | B89: 1 | C89: ○× | D89: 防護具や消毒液の備蓄は、2週間分を目安に準備する。 | F89: ○ | G89: 平時からの備えとして備蓄しておきます。
A90: 11月 | B90: 2 | C90: ○× | D90: 感染が疑われる利用者の訪問は、なるべく1日の最後にする。 | F90: ○ | G90: 他の利用者への感染を防ぐためです。
A91: 11月 | B91: 3 | C91: ○× | D91: 職員が感染したときは、担当利用者のサービスを他の職員で調整する。 | F91: ○ | G91: 足りない場合はケアマネジャーと相談して内容を見直します。
A92: 11月 | B92: 4 | C92: ○× | D92: 感染症の流行時でも、掃除や買い物は最も優先度が高いサービスである。 | F92: × | G92: 排泄・食事・服薬・安否確認が優先です。
A93: 11月 | B93: 5 | C93: ○× | D93: 防護具を外した後は、手指衛生をしなくてよい。 | F93: × | G93: 外し終えたら必ず手指衛生を行います。
A94: 11月 | B94: 6 | C94: 三択 | D94: 感染症BCPの3つの柱に含まれないものはどれか。 | E94: ア 平時からの備え イ 初動対応 ウ 職員の昇給 | F94: ウ | G94: 3つの柱は、平時からの備え、初動対応、感染拡大防止と継続です。
A95: 11月 | B95: 7 | C95: 三択 | D95: 防護具を着用するとき、最後に着けるものはどれか。 | E95: ア ガウン イ マスク ウ 手袋 | F95: ウ | G95: 手指衛生→ガウン→マスク→フェイスシールド→手袋の順です。
A96: 11月 | B96: 8 | C96: 三択 | D96: 防護具を外すとき、最初に外すものはどれか。 | E96: ア マスク イ 手袋 ウ ガウン | F96: イ | G96: 最も汚染されている手袋を最初に外します。
A97: 11月 | B97: 9 | C97: 三択 | D97: 職員が不足したときの優先度が「高」のサービスはどれか。 | E97: ア 掃除 イ 服薬確認 ウ 買い物 | F97: イ | G97: 服薬確認や排泄介助は優先度が高いサービスです。
A98: 11月 | B98: 10 | C98: 三択 | D98: 入浴介助ができないときの代わりの方法はどれか。 | E98: ア 清拭に変更する イ 中止して誰にも連絡しない ウ 家族に任せきりにする | F98: ア | G98: ケアマネジャーと相談のうえ、清拭などに変更します。
A100: 12月 ★高齢者虐待防止（第2回）・事例検討
A101: 12月 | B101: 1 | C101: ○× | D101: 介助中に利用者の両手を押さえ続けることは、身体拘束にあたる可能性がある。 | F101: ○ | G101: 事例1のような対応は身体拘束・身体的虐待にあたるおそれがあります。
A102: 12月 | B102: 2 | C102: ○× | D102: 職員のストレスや人手不足は、虐待の発生要因になる。 | F102: ○ | G102: 虐待の発生要因として多く挙げられています。
A103: 12月 | B103: 3 | C103: ○× | D103: 対応が難しい利用者は、一人で抱え込まずチームで対応を考える。 | F103: ○ | G103: サービス提供責任者に相談し、チームで考えます。
A104: 12月 | B104: 4 | C104: ○× | D104: セルフチェックで当てはまる項目があっても、振り返る必要はない。 | F104: × | G104: 当てはまった項目は、ケアを見直すきっかけにします。
A105: 12月 | B105: 5 | C105: ○× | D105: 同居家族が「自分で転んだ」と言えば、あざについて報告しなくてよい。 | F105: × | G105: 説明のつかないあざは虐待のサインの一つです。報告します。
A106: 12月 | B106: 6 | C106: 三択 | D106: 事例2で、虐待のサインとして考えにくいものはどれか。 | E106: ア 腕の新しいあざ イ 冷蔵庫がほとんど空 ウ 部屋が整頓されている | F106: ウ | G106: あざ、食べ物がない、体重減少、家族の前で黙り込むことはサインです。
A107: 12月 | B107: 7 | C107: 三択 | D107: 介護への抵抗があったときの対応として適切なものはどれか。 | E107: ア 力で押さえて介助を続ける イ 抵抗の理由をチームで考える ウ 介助をやめて記録しない | F107: イ | G107: 抵抗には理由があることが多いです。
A108: 12月 | B108: 8 | C108: 三択 | D108: 虐待の5類型に含まれないものはどれか。 | E108: ア 経済的虐待 イ 性的虐待 ウ 過剰なサービス提供 | F108: ウ | G108: 5類型は身体的、介護・世話の放棄・放任、心理的、性的、経済的です。
A109: 12月 | B109: 9 | C109: 三択 | D109: 同僚の不適切なケアに気づいたときの対応はどれか。 | E109: ア 黙っている イ 管理者や虐待防止担当者に相談する ウ SNSに書く | F109: イ | G109: 見て見ぬふりも不適切ケアを広げます。
...

Sheet 振り返りクイズ解答
A1: 研修資料 末尾の振り返りクイズ（○×5問）の解答
A3: 月 | B3: 番号 | C3: 問題 | D3: 正解 | E3: 補足
A4: 4月 | B4: 1 | C4: 退職した後であれば、利用者の情報を話しても問題ない。 | D4: × | E4: 退職後も守秘義務がある
A5: 4月 | B5: 2 | C5: 利用者から感謝の気持ちとして渡された現金は、少額であれば受け取ってよい。 | D5: × | E5: 金額にかかわらず受け取らない
A6: 4月 | B6: 3 | C6: ケアマネジャーに利用者の情報を伝えるには、あらかじめ文書による同意が必要である。 | D6: ○
A7: 4月 | B7: 4 | C7: 訪問介護計画にない支援を頼まれたら、サービス提供責任者に相談する。 | D7: ○
A8: 4月 | B8: 5 | C8: 記録の誤りは修正液で消して書き直す。 | D8: × | E8: 二重線と訂正者名で訂正する
A9: 5月 | B9: 1 | C9: 介護職員が利用者に「早くして」と怒鳴ることは、心理的虐待にあたる可能性がある。 | D9: ○
A10: 5月 | B10: 2 | C10: 職員による虐待を見つけても、確証がなければ通報してはいけない。 | D10: × | E10: 疑いの段階で報告・通報する
A11: 5月 | B11: 3 | C11: 虐待を通報した職員が、それを理由に解雇されることはない。 | D11: ○
A12: 5月 | B12: 4 | C12: 身体的拘束等は、家族の同意があればいつでも行ってよい。 | D12: × | E12: 3要件を満たす緊急やむを得ない場合のみ、記録も必要
A13: 5月 | B13: 5 | C13: 利用者の買い物のおつりを返さないことは、経済的虐待にあたる。 | D13: ○
A14: 6月 | B14: 1 | C14: 標準予防策は、感染症と診断された利用者にだけ行う。 | D14: × | E14: すべての利用者に行う
A15: 6月 | B15: 2 | C15: 手袋を外した後も手指衛生が必要である。 | D15: ○
A16: 6月 | B16: 3 | C16: ノロウイルスの消毒には、アルコールよりも次亜塩素酸ナトリウムが有効である。 | D16: ○
A17: 6月 | B17: 4 | C17: 少し熱があっても、訪問の予定があれば連絡せずに出勤する。 | D17: × | E17: 訪問せず管理者に連絡する
A18: 6月 | B18: 5 | C18: 利用者宅のタオルで手を拭くのは問題ない。 | D18: × | E18: 使い捨てペーパータオルを使う
A19: 7月 | B19: 1 | C19: BCPの研修と訓練は、それぞれ年1回以上行う必要がある。 | D19: ○
A20: 7月 | B20: 2 | C20: 訪問中に地震が起きたら、利用者を残してすぐに自宅へ戻る。 | D20: × | E20: 安全確保後、事業所の指示を受ける
A21: 7月 | B21: 3 | C21: 安否確認は、独居や医療機器を使う利用者など優先度の高い人から行う。 | D21: ○
A22: 7月 | B22: 4 | C22: 災害時は職員が足りなくても、全てのサービスを通常どおり提供しなければならない。 | D22: × | E22: 優先業務に絞って提供する
A23: 7月 | B23: 5 | C23: 災害用伝言ダイヤルの番号は171である。 | D23: ○
A24: 8月 | B24: 1 | C24: ヒヤリハットは事故ではないので報告しなくてよい。 | D24: × | E24: 事故防止のために報告・共有する
A25: 8月 | B25: 2 | C25: 転倒して痛みを訴える利用者は、すぐに起こしてベッドに戻す。 | D25: × | E25: 無理に動かさず状態を確認し事業所に連絡する
A26: 8月 | B26: 3 | C26: 服薬介助では、薬を飲み込むまで見届ける。 | D26: ○
A27: 8月 | B27: 4 | C27: 訪問して応答がないときは、合鍵があれば自己判断で中に入る。 | D27: × | E27: 事業所に連絡し指示を受ける
A28: 8月 | B28: 5 | C28: 事故が起きたら、事業所は家族やケアマネジャー、市町村に連絡する。 | D28: ○
A29: 9月 | B29: 1 | C29: 利用者から身体を触られても、我慢して最後までサービスを行うべきである。 | D29: × | E29: 安全を優先し、その場を離れてよい
A30: 9月 | B30: 2 | C30: ハラスメントを受けたら、日時と内容を記録して報告する。 | D30: ○
A31: 9月 | B31: 3 | C31: 契約外の家事を繰り返し求められることは、不当な要求にあたりうる。 | D31: ○
A32: 9月 | B32: 4 | C32: 相談したことを理由に、担当から外されたり不利益を受けることがある。 | D32: × | E32: 不利益な扱いは禁止されている
A33: 9月 | B33: 5 | C33: 事業所は、職場のハラスメントについて方針を明確にし、相談体制を整える必要がある。 | D33: ○
A34: 10月 | B34: 1 | C34: BPSDは、体調や環境、周囲の対応の影響を受けて起こる。 | D34: ○
A35: 10月 | B35: 2 | C35: もの盗られ妄想には、事実を説明して納得してもらうのが最も良い。 | D35: × | E35: 否定せず気持ちに寄り添う
A36: 10月 | B36: 3 | C36: 認知症の人に話しかけるときは、正面から目線を合わせて名乗る。 | D36: ○
A37: 10月 | B37: 4 | C37: 親しみを込めて「おばあちゃん」と呼ぶのは良い接遇である。 | D37: × | E37: 「〇〇さん」と呼ぶ
A38: 10月 | B38: 5 | C38: 本人ができることは、時間がかかっても本人にしてもらう。 | D38: ○
A39: 11月 | B39: 1 | C39: 感染症BCPでは、防護具や消毒液の備蓄を平時から準備しておく。 | D39: ○
A40: 11月 | B40: 2 | C40: 感染疑いの利用者の訪問は、なるべく1日の最初にする。 | D40: × | E40: 他の利用者への感染を防ぐため最後にする
A41: 11月 | B41: 3 | C41: 職員が不足した場合は、ケアマネジャーと相談してサービス内容を見直すことがある。 | D41: ○
A42: 11月 | B42: 4 | C42: 防護具は、最後に手袋を外す。 | D42: × | E42: 汚染が最も多い手袋を最初に外す
A43: 11月 | B43: 5 | C43: 職員が発熱したら、症状が軽くても出勤せず管理者に報告する。 | D43: ○
A44: 12月 | B44: 1 | C44: 介助中に利用者の両手を押さえ続けることは、身体拘束にあたる可能性がある。 | D44: ○
A45: 12月 | B45: 2 | C45: 家族による虐待が疑われるだけの段階では、報告する必要はない。 | D45: × | E45: 疑いの段階で報告する
A46: 12月 | B46: 3 | C46: 職員のストレスは、虐待の発生要因の一つである。 | D46: ○
A47: 12月 | B47: 4 | C47: 介護への抵抗には理由があることが多く、チームで原因を考える。 | D47: ○
A48: 12月 | B48: 5 | C48: 同僚の不適切なケアに気づいたら、管理者や虐待防止担当者に相談する。 | D48: ○
A49: 1月 | B49: 1 | C49: 一包化された内服薬の服薬介助は、条件を満たせば訪問介護員が行える。 | D49: ○
A50: 1月 | B50: 2 | C50: インスリン注射は、本人に頼まれれば訪問介護員が行ってもよい。 | D50: × | E50: 医行為のため行えない
A51: 1月 | B51: 3 | C51: 爪に異常がない場合の爪切りは、医行為ではないとされている。 | D51: ○
A52: 1月 | B52: 4 | C52: 血圧が普段より高かったので、薬の量を減らすよう利用者に伝えた。 | D52: × | E52: 判断せず報告する
A53: 1月 | B53: 5 | C53: 移乗介助の前には、車いすのブレーキを確認する。 | D53: ○
A54: 2月 | B54: 1 | C54: 終末期で食事量が減ったときは、栄養のために全量食べてもらうよう励ます。 | D54: × | E54: 無理に勧めない
A55: 2月 | B55: 2 | C55: 眠っている利用者にも、声をかけてからケアを行う。 | D55: ○
A56: 2月 | B56: 3 | C56: 看取りの方針が決まっている場合、異変時の連絡は事前の取り決めに従う。 | D56: ○
A57: 2月 | B57: 4 | C57: 排泄介助では、カーテンを閉め、露出を最小限にする。 | D57: ○
A58: 2月 | B58: 5 | C58: 利用者宅の郵便物は、片付けのためであれば自由に中を確認してよい。 | D58: × | E58: 必要なく見たり触ったりしない

Sheet 採点表
A1: 採点表：月を選び、職員の解答（○×・アイウ）を入れると点数が自動計算されます
A2: 月 | B2: 4月
A3: 正解 | B3: =INDEX(正解一覧!C$5:C$16,MATCH($B$2,正解一覧!$A$5:$A$16,0)) | C3: =INDEX(正解一覧!D$5:D$16,MATCH($B$2,正解一覧!$A$5:$A$16,0)) | D3: =INDEX(正解一覧!E$5:E$16,MATCH($B$2,正解一覧!$A$5:$A$16,0)) | E3: =INDEX(正解一覧!F$5:F$16,MATCH($B$2,正解一覧!$A$5:$A$16,0)) | F3: =INDEX(正解一覧!G$5:G$16,MATCH($B$2,正解一覧!$A$5:$A$16,0)) | G3: =INDEX(正解一覧!H$5:H$16,MATCH($B$2,正解一覧!$A$5:$A$16,0)) | H3: =INDEX(正解一覧!I$5:I$16,MATCH($B$2,正解一覧!$A$5:$A$16,0)) | I3: =INDEX(正解一覧!J$5:J$16,MATCH($B$2,正解一覧!$A$5:$A$16,0)) | ... K3: =INDEX(正解一覧!L$5:L$16,MATCH($B$2,正解一覧!$A$5:$A$16,0))
A4: 氏名 | B4: 問1 | C4: 問2 | D4: 問3 | E4: 問4 | F4: 問5 | G4: 問6 | H4: 問7 | I4: 問8 | J4: 問9 | K4: 問10 | L4: 点数 | M4: 判定
L5: =IF(COUNTA(B5:K5)=0,"",SUMPRODUCT(--(B5:K5=$B$3:$K$3))) | M5: =IF(L5="","",IF(L5>=7,"合格","要フォロー"))
L6: =IF(COUNTA(B6:K6)=0,"",SUMPRODUCT(--(B6:K6=$B$3:$K$3))) | M6: =IF(L6="","",IF(L6>=7,"合格","要フォロー"))
L7: =IF(COUNTA(B7:K7)=0,"",SUMPRODUCT(--(B7:K7=$B$3:$K$3))) | M7: =IF(L7="","",IF(L7>=7,"合格","要フォロー"))
L8: =IF(COUNTA(B8:K8)=0,"",SUMPRODUCT(--(B8:K8=$B$3:$K$3))) | M8: =IF(L8="","",IF(L8>=7,"合格","要フォロー"))
L9: =IF(COUNTA(B9:K9)=0,"",SUMPRODUCT(--(B9:K9=$B$3:$K$3))) | M9: =IF(L9="","",IF(L9>=7,"合格","要フォロー"))
L10: =IF(COUNTA(B10:K10)=0,"",SUMPRODUCT(--(B10:K10=$B$3:$K$3))) | M10: =IF(L10="","",IF(L10>=7,"合格","要フォロー"))
L11: =IF(COUNTA(B11:K11)=0,"",SUMPRODUCT(--(B11:K11=$B$3:$K$3))) | M11: =IF(L11="","",IF(L11>=7,"合格","要フォロー"))
L12: =IF(COUNTA(B12:K12)=0,"",SUMPRODUCT(--(B12:K12=$B$3:$K$3))) | M12: =IF(L12="","",IF(L12>=7,"合格","要フォロー"))
L13: =IF(COUNTA(B13:K13)=0,"",SUMPRODUCT(--(B13:K13=$B$3:$K$3))) | M13: =IF(L13="","",IF(L13>=7,"合格","要フォロー"))
L14: =IF(COUNTA(B14:K14)=0,"",SUMPRODUCT(--(B14:K14=$B$3:$K$3))) | M14: =IF(L14="","",IF(L14>=7,"合格","要フォロー"))
L15: =IF(COUNTA(B15:K15)=0,"",SUMPRODUCT(--(B15:K15=$B$3:$K$3))) | M15: =IF(L15="","",IF(L15>=7,"合格","要フォロー"))
L16: =IF(COUNTA(B16:K16)=0,"",SUMPRODUCT(--(B16:K16=$B$3:$K$3))) | M16: =IF(L16="","",IF(L16>=7,"合格","要フォロー"))
... L34: =IF(COUNTA(B34:K34)=0,"",SUMPRODUCT(--(B34:K34=$B$3:$K$3))) | M34: =IF(L34="","",IF(L34>=7,"合格","要フォロー"))
